{"cameraMode":{"drawMode":0,"name":"Shaded","section":"Shading Mode"},"sceneLighting":false,"audioPlay":false,"sceneViewState":{"m_AlwaysRefresh":false,"showFog":true,"showSkybox":false,"showFlares":true,"showImageEffects":true,"showParticleSystems":true,"showVisualEffectGraphs":true,"m_FxEnabled":true},"in2DMode":false,"pivot":{"x":-0.778588593006134,"y":0.00804273784160614,"z":0.056112468242645267},"rotation":{"x":-0.170060396194458,"y":0.5394417643547058,"z":-0.11227376759052277,"w":-0.8170820474624634},"size":1.2055799961090088,"orthographic":false}