{"cameraMode":{"drawMode":0,"name":"Shaded","section":"Shading Mode"},"sceneLighting":false,"audioPlay":false,"sceneViewState":{"m_AlwaysRefresh":false,"showFog":true,"showSkybox":false,"showFlares":true,"showImageEffects":true,"showParticleSystems":true,"showVisualEffectGraphs":true,"m_FxEnabled":true},"in2DMode":false,"pivot":{"x":-0.49572402238845827,"y":-0.8646368384361267,"z":0.36873921751976015},"rotation":{"x":0.35872334241867068,"y":-0.27603504061698916,"z":0.11191139370203018,"w":0.8847323060035706},"size":0.9339746832847595,"orthographic":false}