{"cameraMode":{"drawMode":0,"name":"Shaded","section":"Shading Mode"},"sceneLighting":false,"audioPlay":false,"sceneViewState":{"m_AlwaysRefresh":false,"showFog":true,"showSkybox":false,"showFlares":true,"showImageEffects":true,"showParticleSystems":true,"showVisualEffectGraphs":true,"m_FxEnabled":true},"in2DMode":false,"pivot":{"x":-1.4739917516708375,"y":-1.4797601699829102,"z":3.093597888946533},"rotation":{"x":-0.22679269313812257,"y":0.1971105933189392,"z":-0.046928003430366519,"w":-0.9527129530906677},"size":2.4055798053741457,"orthographic":false}