{"cameraMode":{"drawMode":0,"name":"Shaded","section":"Shading Mode"},"sceneLighting":false,"audioPlay":false,"sceneViewState":{"m_AlwaysRefresh":false,"showFog":true,"showSkybox":false,"showFlares":true,"showImageEffects":true,"showParticleSystems":true,"showVisualEffectGraphs":true,"m_FxEnabled":true},"in2DMode":false,"pivot":{"x":0.23942109942436219,"y":-1.1494369506835938,"z":0.6138854026794434},"rotation":{"x":-0.49703797698020937,"y":-0.01169612631201744,"z":0.006714374292641878,"w":-0.8676909804344177},"size":1.8073949813842774,"orthographic":false}