{"cameraMode":{"drawMode":0,"name":"Shaded","section":"Shading Mode"},"sceneLighting":false,"audioPlay":false,"sceneViewState":{"m_AlwaysRefresh":false,"showFog":true,"showSkybox":false,"showFlares":true,"showImageEffects":true,"showParticleSystems":true,"showVisualEffectGraphs":true,"m_FxEnabled":true},"in2DMode":false,"pivot":{"x":0.06128542125225067,"y":-0.10048553347587586,"z":-0.06488002836704254},"rotation":{"x":-0.3333706259727478,"y":0.3201831579208374,"z":-0.12150489538908005,"w":-0.878470242023468},"size":4.766025543212891,"orthographic":false}