{"cameraMode":{"drawMode":0,"name":"Shaded","section":"Shading Mode"},"sceneLighting":false,"audioPlay":false,"sceneViewState":{"m_AlwaysRefresh":false,"showFog":true,"showSkybox":false,"showFlares":true,"showImageEffects":true,"showParticleSystems":true,"showVisualEffectGraphs":true,"m_FxEnabled":true},"in2DMode":false,"pivot":{"x":-1.9979400634765626,"y":-1.4451382160186768,"z":1.4619777202606202},"rotation":{"x":0.23452655971050263,"y":-0.35397037863731387,"z":0.09213559329509735,"w":0.9007586240768433},"size":2.0857882499694826,"orthographic":false}